,old_imageIds,old_json
0,173285,2105858
5,283965,2105858
7,244523,2105858
13,244525,2105858
17,173288,2105859
27,244631,2105859
39,173283,2105860
43,173291,2105860
49,240690,2105860
61,173282,2105861
83,173307,2105862
87,318111,2105891
104,318110,2105891
109,151287,2105894
113,151289,2105894
153,173454,2105937
170,173459,2105938
192,173457,2105939
196,173470,2105939
214,173460,2105940
236,169400,2105941
240,173474,2105942
257,173475,2105943
279,173473,2105944
283,173481,2105944
301,173476,2105945
323,173450,2105946
327,173484,2105947
344,173485,2105948
366,173483,2105949
370,173491,2105949
388,173486,2105950
410,173448,2105951
414,173494,2105952
431,173495,2105953
453,173497,2105954
457,173501,2105954
475,173496,2105955
497,173446,2105956
501,240667,2105959
523,210107,2105961
527,210103,2105961
545,210287,2105962
567,209734,2105963
571,195967,2105964
588,196019,2105965
610,196021,2105966
632,195970,2105967
654,195969,2105968
680,193927,2105972
702,193928,2105974
724,193926,2105975
746,193561,2105976
750,193920,2105992
755,193918,2105992
772,193924,2105993
776,193923,2105993
794,193921,2105994
816,193856,2105995
838,193906,2105996
842,193939,2105997
846,193940,2105997
864,193938,2105998
868,193936,2105998
886,193941,2105999
890,193942,2105999
908,193910,2106000
912,194120,2106001
934,194117,2106002
938,194114,2106002
956,194116,2106003
978,194119,2106004
982,194115,2106004
1000,194118,2106005
1004,194135,2106006
1021,194131,2106007
1025,194137,2106007
1043,194136,2106008
1065,194743,2106010
1069,194488,2106011
1074,217278,2106011
1091,194489,2106012
1095,194493,2106012
1101,194496,2106012
1113,194492,2106013
1123,194495,2106013
1135,194491,2106014
1139,194494,2106014
1157,194537,2106020
1161,194999,2106021
1178,195001,2106022
1182,195002,2106022
1200,195000,2106023
1222,195003,2106024
1226,244526,2106024
1244,195061,2106025
1248,194501,2106026
1265,194498,2106027
1287,194497,2106028
1297,194500,2106028
1309,194499,2106029
1331,194711,2106030
1335,195014,2106031
1352,195015,2106032
1356,195019,2106032
1374,195018,2106033
1396,195020,2106034
1418,193877,2106035
1422,193867,2106036
1439,193872,2106037
1461,193869,2106039
1493,193874,2106040
1505,194744,2106043
1509,193878,2106044
1513,194720,2106045
1518,194728,2106045
1535,194721,2106046
1539,194724,2106046
1557,194723,2106047
1579,194722,2106048
1583,194726,2106048
1601,194732,2106049
1606,194735,2106049
1623,194733,2106050
1627,194737,2106050
1645,194742,2106051
1667,194745,2106053
1671,194734,2106054
1675,194739,2106054
1693,195606,2106055
1715,195601,2106056
1737,195526,2106057
1759,195604,2106058
1763,195527,2106058
1781,191642,2106059
1785,195917,2106060
1807,195912,2106061
1811,195921,2106061
1829,195916,2106062
1851,195911,2106063
1855,195915,2106063
1873,195920,2106064
1877,195930,2106065
1889,195928,2106065
1899,195923,2106066
1903,195924,2106066
1921,195931,2106067
1943,195926,2106068
1947,195932,2106068
1953,195927,2106068
1965,195925,2106069
1969,196570,2106070
1986,196573,2106071
1990,196576,2106071
2008,196575,2106072
2030,196574,2106073
2034,196577,2106073
2052,196565,2106074
2056,196707,2106075
2073,196709,2106077
2077,196715,2106077
2095,205539,2106078
2117,196712,2106079
2121,196714,2106079
2139,205545,2106080
2143,198536,2106082
2147,198529,2106082
2165,198532,2106083
2169,198531,2106083
2187,198530,2106084
2191,198533,2106084
2209,198535,2106085
2213,198542,2106086
2218,198537,2106086
2225,198540,2106086
2257,198545,2106089
2261,198538,2106089
2267,198539,2106089
2279,198544,2106090
2283,225712,2106091
2288,225714,2106091
2305,225713,2106092
2309,225717,2106092
2327,225716,2106093
2349,225715,2106094
2353,225718,2106094
2371,226532,2106096
2380,240669,2106097
2397,240668,2106098
2436,240670,2106100
2458,240666,2106101
2462,240674,2106103
2467,240676,2106103
2484,240675,2106104
2488,240679,2106104
2506,240678,2106105
2528,240677,2106106
2532,240680,2106106
2550,240673,2106107
2554,240686,2106108
2559,240688,2106108
2576,240687,2106109
2580,240684,2106109
2598,240683,2106110
2620,240689,2106111
2624,240685,2106111
2642,240681,2106113
2646,208857,2106120
2651,208863,2106120
2668,208858,2106121
2672,208862,2106121
2678,415143,2106121
2690,208861,2106122
2712,206152,2106124
2716,204494,2106125
2738,204493,2106126
2742,204491,2106126
2760,204490,2106127
2782,204492,2106128
2804,204380,2106129
2808,195523,2106130
2825,195516,2106131
2829,195517,2106131
2835,195524,2106131
2847,195521,2106132
2869,195519,2106133
2873,195520,2106133
2883,195522,2106133
2891,195515,2106134
2895,204497,2106139
2912,204498,2106140
2916,204501,2106140
2934,204499,2106142
2938,204502,2106142
2944,204504,2106142
2956,204383,2106143
2960,208850,2106144
2977,208851,2106145
2981,208855,2106145
2999,208854,2106146
3021,208853,2106147
3025,208856,2106147
3043,206151,2106148
3047,204505,2106150
3064,204507,2106151
3086,204506,2106152
3108,204508,2106153
3125,204384,2106154
3129,240659,2106155
3134,240661,2106155
3151,240660,2106156
3155,240664,2106156
3173,240663,2106157
3195,240662,2106158
3199,240665,2106158
3217,240658,2106159
3221,204520,2106160
3226,204522,2106160
3233,204529,2106160
3243,204521,2106161
3265,204525,2106162
3287,204528,2106163
3291,204524,2106163
3297,204503,2106163
3301,204530,2106163
3309,204482,2106164
3313,244024,2106165
3330,244025,2106166
3334,244022,2106166
3352,244021,2106167
3374,244026,2106168
3378,244023,2106168
3384,245919,2106168
3396,244625,2106169
3400,244027,2106170
3407,204514,2106170
3417,244028,2106171
3421,244032,2106171
3427,204515,2106171
3439,244030,2106172
3461,244029,2106173
3465,244031,2106173
3483,244627,2106174
3487,244039,2106175
3492,244037,2106175
3509,244040,2106176
3513,244036,2106176
3531,244035,2106177
3541,244042,2106177
3553,244041,2106178
3557,244038,2106178
3567,244531,2106178
3575,244628,2106199
3579,390996,2107175
3583,390995,2107175
3589,390989,2107175
3593,390990,2107175
3601,390997,2107176
3611,390991,2107176
3623,390998,2107177
3633,390992,2107177
3667,390994,2107179
3671,434219,2107181
3675,434237,2107182
3685,434225,2107182
3697,414815,2107188
3701,414817,2107189
3711,414816,2107189
3723,415126,2107190
3728,415125,2107190
3735,415119,2107190
3739,415118,2107190
3745,415128,2107191
3755,415122,2107191
3767,404923,2107193
3771,405282,2107194
3781,405281,2107194
3793,406722,2107195
3798,406721,2107195
3805,406718,2107195
3809,406717,2107195
3815,405283,2107196
3825,405280,2107196
3837,406724,2107199
3841,406723,2107199
3847,406719,2107199
3851,406720,2107199
3859,434233,2107201
3866,434224,2107201
3872,434223,2107201
3876,434231,2107201
3881,421954,2107202
3885,421307,2107202
3891,421942,2107202
3903,421946,2107203
3907,421957,2107203
3913,421935,2107203
3917,421936,2107203
3925,403330,2107204
3929,433650,2107205
3939,433645,2107205
3951,433640,2107206
3967,433641,2107206
3973,403341,2107206
3975,433649,2107207
3985,433642,2107207
3989,433643,2107207
3997,433652,2107208
4007,433646,2107208
4011,433647,2107208
4019,402008,2107211
4023,402015,2107212
4033,402009,2107212
4045,402006,2107213
4050,402011,2107213
4057,404308,2107213
4067,402016,2107214
4077,402010,2107214
4089,404309,2107215
4111,421541,2107216
4115,421553,2107217
4125,421546,2107217
4137,421548,2107218
4149,421543,2107218
4153,421542,2107218
4159,410687,2107218
4160,421554,2107219
4170,421547,2107219
4182,421552,2107220
4186,421551,2107220
4192,414312,2107220
4196,421545,2107220
4204,414799,2107221
4208,434217,2107222
4218,434208,2107222
4230,434212,2107223
4235,434211,2107223
4242,434205,2107223
4246,434203,2107223
4252,434216,2107224
4260,434209,2107224
4264,434210,2107224
4274,434213,2107226
4278,434215,2107226
4284,434206,2107226
4288,434207,2107226
4296,414810,2107226
4297,409436,2107235
4301,409442,2107236
4311,409434,2107236
4323,409440,2107237
4328,409439,2107237
4335,409432,2107237
4339,409431,2107237
4345,409437,2107238
4355,409433,2107238
4368,382793,2107239
4372,406740,2107240
4382,406732,2107240
4394,406738,2107242
4399,406734,2107242
4410,406729,2107242
4416,406739,2107245
4430,406735,2107245
4438,406741,2107246
4448,406733,2107246
4460,392280,2107248
4464,392283,2107249
4474,392278,2107249
4486,406910,2107268
4490,434218,2110158
4494,407785,2110158
4495,434220,2110158
4496,434238,2110159
4506,434226,2110159
4540,434241,2110161
4544,434239,2110161
4546,434228,2110161
4554,434229,2110161
4562,434234,2110162
4566,434232,2110162
4572,434222,2110162
4584,392282,2110168
4589,392281,2110168
4596,392276,2110168
4606,409042,2110208
4610,409047,2110210
4619,409040,2110210
4632,409044,2110213
4637,409043,2110213
4648,409037,2110213
4654,409048,2110217
4664,409041,2110217
4676,409046,2110224
4680,409045,2110224
4686,409038,2110224
4690,409039,2110224
4698,406923,2110232
4708,406916,2110232
4720,406920,2110234
4725,406919,2110234
4732,406913,2110234
4736,406911,2110234
4742,406921,2110237
4746,406922,2110237
4752,406914,2110237
4756,406915,2110237
4764,406924,2110238
4774,406917,2110238
4786,407398,2110249
4790,407417,2110250
4800,407406,2110250
4812,407411,2110251
4817,407410,2110251
4824,407402,2110251
4828,407400,2110251
4834,407415,2110252
4838,407413,2110252
4844,407403,2110252
4848,407404,2110252
4856,407419,2110253
4866,407408,2110253
4878,409444,2110590
4882,409443,2110590
4888,409435,2110590
4900,173263,2110954
4910,173463,2110954
4922,173310,2110955
4926,173264,2110957
4936,173464,2110957
4948,173261,2110958
4958,173471,2110958
4962,173465,2110958
4970,173262,2110959
4987,173309,2110960
4991,173258,2110961
4998,173462,2110961
5008,173256,2110963
5030,173253,2110964
5034,173301,2110964
5052,173255,2111101
5074,172929,2111102
5078,172866,2111103
5100,172863,2111104
5104,172872,2111104
5122,172869,2111105
5144,172868,2111106
5161,172927,2112480
5165,172856,2112481
5182,172857,2112482
5204,172855,2112483
5226,172858,2112534
5248,172925,2112535
5252,172848,2112536
5269,172924,2112537
5273,172844,2112538
5290,172846,2112539
5312,172845,2112541
5334,172602,2112542
5338,172485,2112543
5360,172492,2112544
5377,172483,2112545
5399,172589,2112547
5421,172598,2112548
5425,172587,2112549
5442,172525,2112550
5464,172592,2112551
5486,172584,2112552
5508,172600,2112554
5512,172491,2112555
5534,172479,2112557
5551,172484,2112558
5573,172482,2112559
5595,172596,2112560
5599,172505,2112561
5616,172577,2112562
5638,172539,2112563
5660,172487,2112564
5682,172037,2112565
5686,172076,2112566
5703,172078,2112567
5725,172075,2112568
5747,172077,2112569
5769,172068,2112571
5786,172067,2112572
5808,172069,2112573
5830,172034,2112574
5834,172060,2112575
5851,172058,2112576
5873,172059,2112577
5895,172057,2112578
5917,204500,2112601
5940,172029,2112606
5944,172048,2112607
5961,172050,2112608
5983,172047,2112609
6005,172049,2112610
6027,515914,2112689
6031,515916,2112690
6035,515923,2112690
6041,515903,2112690
6045,515909,2112690
6053,515920,2112691
6060,515891,2112691
6064,515919,2112691
6070,515925,2112691
6075,515927,2112693
6079,515893,2112693
6085,515899,2112693
6089,515907,2112693
6097,504864,2112702
6101,508818,2112715
6107,520555,2112715
6127,508816,2112759
6132,508811,2112759
6137,520553,2112759
6141,520552,2112759
6149,508817,2112764
6154,508808,2112764
6159,520554,2112764
6163,520551,2112764
6167,504866,2112768
6177,504862,2112768
6189,504952,2112946
6193,504949,2112947
6203,504948,2112947
6259,504950,2112953
6264,504953,2112953
6281,515917,2112964
6286,515896,2112964
6294,515911,2112964
6298,515894,2112964
6303,504932,2112969
6313,504935,2112969
6325,504931,2112970
6364,504936,2112971
6369,521131,2112986
6373,504934,2113063
6378,504938,2113063
6395,507089,2113076
6411,507094,2113077
6421,505412,2113119
6425,505408,2113120
6439,505413,2113120
6451,505409,2113122
6455,505406,2113122
6491,505410,2113127
6505,505407,2113127
6513,504911,2113332
6525,507091,2113332
6557,507095,2113337
6562,504912,2113337
6579,521133,2113340
6583,521134,2113340
6589,521124,2113340
6593,521138,2113340
6601,521125,2113341
6608,521139,2113341
6612,521130,2113341
6618,521140,2113341
6623,521129,2113342
6627,521128,2113342
6633,521137,2113342
6637,521123,2113342
6645,521126,2113343
6650,521135,2113343
6658,521127,2113343
6662,521141,2113343
6667,171673,2113358
6671,171639,2113360
6682,171671,2113361
6704,171648,2113363
6726,171672,2113364
6748,525254,2113455
6752,522838,2113455
6758,522837,2113455
6762,525256,2113455
6770,525259,2113456
6777,525258,2113456
6781,522848,2113456
6787,522830,2113456
6792,522840,2113460
6796,525253,2113460
6802,525257,2113460
6806,522836,2113460
6814,520305,2113526
6818,520310,2113528
6823,520304,2113528
6831,520320,2113528
6835,520317,2113528
6840,520306,2113529
6844,520316,2113529
6850,520319,2113529
6854,520303,2113529
6862,520309,2113530
6869,520314,2113530
6873,520311,2113530
6879,520301,2113530
6884,520308,2113531
6888,520302,2113531
6894,520315,2113531
6898,520312,2113531
6906,171371,2113541
6910,171374,2113542
6921,171373,2113544
6943,171379,2113546
6965,171377,2113547
6987,523701,2113566
6991,523718,2113566
6997,523713,2113566
7001,523723,2113566
7009,522841,2113567
7014,522832,2113567
7022,522833,2113567
7026,522846,2113567
7031,523717,2113568
7035,523720,2113568
7041,523705,2113568
7045,523706,2113568
7053,523703,2113573
7060,523721,2113573
7064,523725,2113573
7070,523704,2113573
7075,523702,2113574
7080,523709,2113574
7088,523708,2113574
7092,523700,2113574
7097,409659,2113600
7101,409655,2113600
7107,409661,2113600
7111,409663,2113600
7119,409658,2113600
7120,409356,2113601
7124,409654,2113602
7134,409660,2113602
7146,409657,2113603
7156,409664,2113603
7169,409656,2113604
7173,409653,2113604
7179,409662,2113604
7191,525252,2113620
7195,525273,2113630
7199,525274,2113631
7206,525271,2113631
7210,525275,2113631
7216,525280,2113631
7221,525272,2113632
7231,525278,2113632
7245,525279,2113639
7249,525276,2113639
7255,525277,2113639
7263,525281,2113639
7289,525297,2113663
7293,525288,2113664
7300,525289,2113664
7304,525292,2113664
7310,525290,2113664
7315,525291,2113665
7325,525295,2113665
7339,525296,2113666
7343,525294,2113666
7349,525293,2113666
7357,525299,2113666
7383,525317,2113668
7387,525320,2113669
7394,525321,2113669
7398,525322,2113669
7404,525316,2113669
7453,525553,2113701
7460,525556,2113701
7464,525557,2113701
7470,525554,2113701
7475,171361,2113726
7479,171364,2113727
7490,171369,2113728
7512,171363,2113729
7534,171366,2113730
7556,171347,2113731
7560,171353,2113732
7571,171358,2113733
7593,171350,2113734
7615,171356,2113735
7637,530059,2113851
7641,530056,2113869
7646,530041,2113869
7654,530033,2113869
7658,530058,2113869
7663,530055,2114082
7667,530057,2114082
7673,530035,2114082
7681,530040,2114082
7685,530052,2114083
7695,530031,2114083
7714,530037,2114084
7724,530054,2114084
7729,540320,2114103
7733,525552,2114161
7743,525558,2114161
7757,170529,2114303
7761,170534,2114305
7772,170539,2114306
7794,170533,2114307
7816,170537,2114308
7838,579642,2115368
7842,579643,2115369
7846,579644,2115370
7850,579647,2115371
7854,579646,2115372
7858,579645,2115373
7862,579648,2115374
7866,579652,2115375
7870,579651,2115376
7874,579653,2115377
7878,579650,2115378
7882,579659,2115379
7886,579656,2115380
7890,579655,2115381
7894,579658,2115382
7898,579662,2115383
7902,579664,2115384
7906,579661,2115386
7910,584882,2115413
7914,584983,2115415
7919,584982,2115415
7958,598889,2115422
7962,598888,2115423
7966,598891,2115424
7970,598890,2115425
7974,547912,2115478
7978,547911,2115478
7984,547899,2115478
7992,547900,2115478
7996,547918,2115479
8044,547913,2115482
8054,547914,2115482
8068,547909,2115483
8072,547908,2115483
8090,547917,2115484
8138,547910,2115487
8162,547906,2115488
8166,547905,2115488
8184,547916,2115489
8232,547907,2115492
8256,547902,2115493
8260,547904,2115493
8278,547915,2115494
8326,547903,2115497
8350,170432,2115961
8354,170437,2115962
8365,170441,2115963
8387,170436,2115964
8409,170439,2115966
8431,170280,2115970
8435,170301,2115971
8446,170310,2115972
8468,170294,2115973
8490,170307,2115974
8512,409637,2116070
8519,409642,2116070
8523,409648,2116070
8529,409650,2116070
8556,409649,2116072
8560,409640,2116072
8566,409641,2116072
8570,409643,2116072
8578,409644,2116073
8588,409638,2116073
8602,409645,2116074
8606,169090,2116075
8654,506926,2118088
8658,506920,2118089
8666,506894,2118089
8684,504926,2118094
8693,504928,2118094
8702,504924,2118095
8706,504929,2118095
8736,504927,2118096
8768,504925,2118098
8772,505417,2118104
8776,505418,2118105
8790,505423,2118105
8798,505421,2118106
8812,505416,2118106
8824,505422,2118107
8864,403223,2118354
8868,400672,2118355
8872,400671,2118355
8878,400676,2118355
8882,400677,2118355
8890,400669,2118356
8900,400674,2118356
8912,400673,2118357
8922,400678,2118357
8938,400670,2118358
8944,400675,2118358
8956,414584,2119116
8960,414583,2119117
8970,414578,2119117
8982,414580,2119118
8987,414579,2119118
8994,414574,2119118
8998,414573,2119118
9004,414582,2119119
9014,414575,2119119
9018,414576,2119119
9026,414581,2119120
9036,414314,2119120
9048,421538,2119148
9058,421535,2119148
9070,390483,2119149
9074,421537,2119151
9079,421315,2119151
9086,421534,2119151
9090,421533,2119151
9096,390484,2119152
9100,390486,2119152
9106,390478,2119152
9110,390479,2119152
9118,390487,2119153
9128,390480,2119153
9140,522453,2119165
9144,522455,2119166
9154,522450,2119166
9166,522454,2119167
9180,522452,2119167
9188,522449,2119168
9198,522456,2119168
9232,415723,2119172
9236,415729,2119173
9246,415734,2119173
9258,415728,2119174
9262,415726,2119174
9268,415731,2119174
9272,415733,2119174
9284,415727,2119175
9290,415732,2119175
9302,415725,2119176
9312,415730,2119176
