old_imageIds,old_json
170827,2110689
153736,2110689
283965,2110689
151103,2110708
151229,2110710
148729,2110713
173100,2110731
153739,2110770
149162,2110775
149142,2110778
172123,2110784
172704,2110788
148707,2110791
172729,2110792
171478,2110794
149310,2110795
149405,2110796
171120,2110798
170889,2110800
172382,2110803
172625,2110841
172538,2110842
172557,2110843
148839,2110844
172497,2110846
148746,2110847
172637,2110848
173113,2110865
217344,2110880
216937,2111824
239953,2111826
216952,2111827
216959,2111829
217363,2111830
242824,2111834
249080,2111843
249088,2111844
249091,2111845
250970,2111855
278316,2111856
173129,2111857
173678,2111859
173544,2111860
173586,2111861
173689,2111862
190253,2111865
182240,2111867
190682,2111870
189537,2111873
193507,2111874
190616,2111875
190665,2111876
193513,2111877
191108,2111879
193544,2111880
193548,2111881
193557,2111882
194151,2111883
194161,2111884
190641,2111885
171271,2111887
171481,2111910
318079,2111911
318107,2111915
149064,2112061
239983,2112062
240000,2112063
278324,2112067
278346,2112069
278354,2112070
278362,2112073
278382,2112076
278389,2112077
278399,2112079
278403,2112081
278411,2112086
278427,2112095
278774,2112100
278778,2112104
492108,2113078
278762,2113561
297842,2113922
494708,2113926
527327,2113929
527321,2113930
525447,2113933
527322,2113934
525390,2113938
525424,2113941
523685,2113946
506827,2113948
492110,2113952
492115,2113953
149126,2113954
492122,2113956
492073,2113957
149300,2113959
494653,2113960
171547,2113963
172343,2113969
172353,2113972
494680,2113979
504567,2113982
494699,2113985
172575,2113987
195293,2113990
497358,2113993
504534,2113997
194174,2114009
198283,2114011
151282,2114012
196121,2114014
270951,2114015
171489,2114018
504550,2114019
270998,2114020
216925,2114021
170836,2114022
298036,2114025
149057,2114026
153762,2114027
284140,2114031
291648,2114036
297834,2114042
310780,2114048
310782,2114049
310789,2114050
311874,2114052
311876,2114053
317118,2114056
317768,2114057
318113,2114062
284146,2114063
525429,2119150